{"cameraMode":{"drawMode":0,"name":"Shaded","section":"Shading Mode"},"sceneLighting":false,"audioPlay":false,"sceneViewState":{"showFog":true,"showMaterialUpdate":false,"showSkybox":false,"showFlares":true,"showImageEffects":true,"showParticleSystems":true},"in2DMode":false,"pivot":{"x":-0.00004595518112182617,"y":0.8399996757507324,"z":-5.960464477539063e-8},"rotation":{"x":0.04529412463307381,"y":-0.010178027674555779,"z":0.00045149275683797896,"w":0.9989446997642517},"size":1.9436821937561036,"orthographic":false}